{
  "input_region": "M1LH-contra",
  "cell_type": "FS",
  "tau_1_ampa": 1.0925055730668203,
  "tau_2_ampa": 4.717239676946357,
  "tau_3_ampa": 73.73426451563269,
  "tp_ampa": 1.951685205164831,
  "tau_1_nmda": 0.819379179800112,
  "tau_2_nmda": 3.2990916893852305,
  "tau_3_nmda": 114.0212622502565,
  "tp_nmda": 1.4708160232123737
}