{
  "input_region": "M1LH-contra",
  "cell_type": "D1-MSN",
  "tau_1_ampa": 0.7283370487112135,
  "tau_2_ampa": 4.6352315094517875,
  "tau_3_ampa": 67.01127124465214,
  "tp_ampa": 1.5216523641084072,
  "tau_1_nmda": 1.5477162285113255,
  "tau_2_nmda": 35.27538832958833,
  "tau_3_nmda": 230.57283536714002,
  "tp_nmda": 4.804338594049749
}