{
  "input_region": "M1LH-contra",
  "cell_type": "D2-MSN",
  "tau_1_ampa": 0.7283370487112135,
  "tau_2_ampa": 5.076242435461483,
  "tau_3_ampa": 63.134266909775974,
  "tp_ampa": 1.5647446524411408,
  "tau_1_nmda": 1.547716228511332,
  "tau_2_nmda": 30.36589070963169,
  "tau_3_nmda": 232.770320160634,
  "tp_nmda": 4.627829300281373
}