{
    "metadata": {
        "input_region": "M1RH-ipsi",
        "cell_type": "dSPN"
    },
    "data": {
        "tau_1_ampa": 0.819379179800112,
        "tau_2_ampa": 4.626554973307714,
        "tau_3_ampa": 64.29536249279978,
        "tpeak_ampa": 1.62893094875279,
        "tau_1_nmda": 1.729800490689129,
        "tau_2_nmda": 34.41339021597193,
        "tau_3_nmda": 212.11693513042698,
        "tpeak_nmda": 5.1392334204772965,
	"nmda_ratio": 0.681    
    }
}


