{
  "input_region": "M1RH-ipsi",
  "cell_type": "LTS",
  "tau_1_ampa": 2.0029268839558307,
  "tau_2_ampa": 10.000264819197147,
  "tau_3_ampa": 299.0553728763187,
  "tp_ampa": 3.9080321596375676,
  "tau_1_nmda": 2.276053277222539,
  "tau_2_nmda": 28.33481939725359,
  "tau_3_nmda": 307.58383210762554,
  "tp_nmda": 5.978925814771764
}