{
  "input_region": "M1RH-ipsi",
  "cell_type": "D2-MSN",
  "tau_1_ampa": 0.8193791798001184,
  "tau_2_ampa": 4.596318800425618,
  "tau_3_ampa": 67.58507985130099,
  "tp_ampa": 1.629367094984931,
  "tau_1_nmda": 1.2745898352446237,
  "tau_2_nmda": 34.11478857675982,
  "tau_3_nmda": 192.14084281021502,
  "tp_nmda": 4.115262590487573
}