{
  "input_region": "M1RH-ipsi",
  "cell_type": "FS",
  "tau_1_ampa": 0.819379179800112,
  "tau_2_ampa": 4.435555966075061,
  "tau_3_ampa": 81.98314594555997,
  "tp_ampa": 1.623302371809827,
  "tau_1_nmda": 1.0925055730668203,
  "tau_2_nmda": 21.644032918171572,
  "tau_3_nmda": 133.96912581121418,
  "tp_nmda": 3.2423975438450516
}