{
  "input_region": "S1",
  "cell_type": "ChAT",
  "tau_1_ampa": 0.8193791798001184,
  "tau_2_ampa": 4.639988709701339,
  "tau_3_ampa": 112.11448388019072,
  "tp_ampa": 1.6689297582020761,
  "tau_1_nmda": 3.732727374644966,
  "tau_2_nmda": 74.16017465676235,
  "tau_3_nmda": 340.35835780548575,
  "tp_nmda": 10.889360733758652
}