{
  "input_region": "S1",
  "cell_type": "D2-MSN",
  "tau_1_ampa": 1.2745898352446237,
  "tau_2_ampa": 5.622424242252213,
  "tau_3_ampa": 170.5089608333308,
  "tp_ampa": 2.366525778165534,
  "tau_1_nmda": 2.0029268839558307,
  "tau_2_nmda": 37.15162781681252,
  "tau_3_nmda": 224.17486009934828,
  "tp_nmda": 5.816442840631059
}