{
  "input_region": "S1",
  "cell_type": "D1-MSN",
  "tau_1_ampa": 1.0014634419779218,
  "tau_2_ampa": 5.295152844346984,
  "tau_3_ampa": 60.016776209296644,
  "tp_ampa": 1.913854725382041,
  "tau_1_nmda": 1.456674097422427,
  "tau_2_nmda": 33.56709737559578,
  "tau_3_nmda": 231.44360002718406,
  "tp_nmda": 4.547741118256635
}