{
  "input_region": "S1",
  "cell_type": "FS",
  "tau_1_ampa": 1.0014634419779154,
  "tau_2_ampa": 9.252393722243099,
  "tau_3_ampa": 240.29855751272243,
  "tp_ampa": 2.4425425135010688,
  "tau_1_nmda": 1.456674097422427,
  "tau_2_nmda": 28.29117977250742,
  "tau_3_nmda": 305.54098664827023,
  "tp_nmda": 4.4000346177336676
}