{
  "input_region": "TH",
  "cell_type": "ChAT",
  "tau_1_ampa": 1.1835477041557252,
  "tau_2_ampa": 8.046641500107018,
  "tau_3_ampa": 158.03141296084334,
  "tp_ampa": 2.567273407853752,
  "tau_1_nmda": 2.8223060637559425,
  "tau_2_nmda": 84.10260633219173,
  "tau_3_nmda": 345.50558055272086,
  "tp_nmda": 9.227627909370915
}