{
  "input_region": "TH",
  "cell_type": "D1-MSN",
  "tau_1_ampa": 1.638758359600224,
  "tau_2_ampa": 11.2523743590744,
  "tau_3_ampa": 164.06916781971526,
  "tp_ampa": 3.5269739091351417,
  "tau_1_nmda": 1.729800490689129,
  "tau_2_nmda": 43.74670342940093,
  "tau_3_nmda": 265.8708207076899,
  "tp_nmda": 5.515625545068305
}