{
  "input_region": "TH",
  "cell_type": "D2-MSN",
  "tau_1_ampa": 1.6387583596002304,
  "tau_2_ampa": 8.98210822225057,
  "tau_3_ampa": 167.49700840645843,
  "tp_ampa": 3.2640420316441556,
  "tau_1_nmda": 2.276053277222539,
  "tau_2_nmda": 51.59666498111493,
  "tau_3_nmda": 377.4481339034853,
  "tp_nmda": 7.090529100162666
}