{
  "input_region": "TH",
  "cell_type": "FS",
  "tau_1_ampa": 0.819379179800112,
  "tau_2_ampa": 4.444508025254947,
  "tau_3_ampa": 153.61547731400336,
  "tp_ampa": 1.657717161904197,
  "tau_1_nmda": 1.3656319663335221,
  "tau_2_nmda": 27.055880016257635,
  "tau_3_nmda": 309.3091457975352,
  "tp_nmda": 4.157043892404101
}